{"cameraMode":{"drawMode":0,"name":"Shaded","section":"Shading Mode"},"sceneLighting":true,"audioPlay":false,"sceneViewState":{"showFog":true,"showMaterialUpdate":false,"showSkybox":true,"showFlares":true,"showImageEffects":true,"showParticleSystems":true},"in2DMode":false,"pivot":{"x":367.39971923828127,"y":200.525146484375,"z":558.0812377929688},"rotation":{"x":-0.02096070721745491,"y":0.05995079502463341,"z":0.0012591199483722449,"w":0.9979811906814575},"size":1171.3082275390625,"orthographic":false}